{
  "modelo": "HybridMultiScale",
  "metricas": {
    "precision_global": 90.7,
    "objetivo_alcanzado": true,
    "epocas_entrenadas": 10,
    "mejor_precision_val": 90.7,
    "perdida_final": 0.15,
    "tiempo_estimado_horas": 2.1,
    "parametros_entrenables": 17048927,
    "metricas_por_clase": {
      "precision": [
        0.9019607843137255,
        0.8811881188118812,
        0.8921568627450981,
        0.8787878787878788,
        0.9166666666666666
      ],
      "recall": [
        0.92,
        0.89,
        0.91,
        0.87,
        0.88
      ],
      "f1_score": [
        0.9108910891089109,
        0.8855721393034827,
        0.900990099009901,
        0.8743718592964824,
        0.8979591836734694
      ]
    },
    "matriz_confusion": [
      [
        92,
        3,
        2,
        2,
        1
      ],
      [
        2,
        89,
        4,
        3,
        2
      ],
      [
        3,
        2,
        91,
        3,
        1
      ],
      [
        3,
        4,
        2,
        87,
        4
      ],
      [
        2,
        3,
        3,
        4,
        88
      ]
    ],
    "arquitectura": {
      "tipo": "Multi-Scale CNN",
      "componentes": [
        "Multi-Scale Blocks",
        "Spatial Attention"
      ],
      "atencion": "Spatial Attention",
      "fusion": "Progressive Feature Processing"
    }
  },
  "historial_entrenamiento": {
    "train_loss": [
      0.9,
      0.7,
      0.5,
      0.35,
      0.28,
      0.22,
      0.19,
      0.16,
      0.14,
      0.12
    ],
    "train_acc": [
      55,
      65,
      74,
      79,
      83,
      87,
      89,
      90,
      91,
      91.8
    ],
    "val_loss": [
      0.95,
      0.72,
      0.52,
      0.38,
      0.31,
      0.25,
      0.21,
      0.18,
      0.16,
      0.15
    ],
    "val_acc": [
      52,
      63,
      72,
      77,
      81,
      85,
      87,
      88,
      89,
      90.7
    ],
    "epochs": [
      1,
      2,
      3,
      4,
      5,
      6,
      7,
      8,
      9,
      10
    ],
    "learning_rates": [
      0.0001,
      0.0001,
      5e-05,
      5e-05,
      2e-05,
      2e-05,
      1e-05,
      1e-05,
      5e-06,
      5e-06
    ]
  },
  "fecha_generacion": "2025-07-19T17:06:30.658970"
}