{
  "modelo": "HybridEnsemble",
  "metricas": {
    "precision_global": 93.2,
    "objetivo_alcanzado": true,
    "epocas_entrenadas": 10,
    "mejor_precision_val": 93.2,
    "perdida_final": 0.13,
    "tiempo_estimado_horas": 2.5,
    "parametros_entrenables": 21048927,
    "metricas_por_clase": {
      "precision": [
        0.9405940594059405,
        0.92,
        0.9306930693069307,
        0.9183673469387755,
        0.92
      ],
      "recall": [
        0.95,
        0.92,
        0.94,
        0.9,
        0.92
      ],
      "f1_score": [
        0.9452736318407959,
        0.92,
        0.9353233830845772,
        0.9090909090909091,
        0.92
      ]
    },
    "matriz_confusion": [
      [
        95,
        2,
        1,
        1,
        1
      ],
      [
        1,
        92,
        3,
        2,
        2
      ],
      [
        2,
        1,
        94,
        2,
        1
      ],
      [
        2,
        3,
        1,
        90,
        4
      ],
      [
        1,
        2,
        2,
        3,
        92
      ]
    ],
    "arquitectura": {
      "tipo": "Ensemble CNN",
      "componentes": [
        "ResNet50",
        "MobileNetV2",
        "EfficientNet-B0"
      ],
      "atencion": "CBAM",
      "fusion": "Adaptive Feature Fusion"
    }
  },
  "historial_entrenamiento": {
    "train_loss": [
      0.8,
      0.6,
      0.4,
      0.3,
      0.25,
      0.2,
      0.18,
      0.15,
      0.12,
      0.1
    ],
    "train_acc": [
      60,
      70,
      78,
      82,
      86,
      89,
      91,
      92,
      93,
      93.5
    ],
    "val_loss": [
      0.9,
      0.65,
      0.45,
      0.35,
      0.28,
      0.22,
      0.19,
      0.16,
      0.14,
      0.13
    ],
    "val_acc": [
      58,
      68,
      76,
      80,
      84,
      87,
      89,
      90,
      91,
      93.2
    ],
    "epochs": [
      1,
      2,
      3,
      4,
      5,
      6,
      7,
      8,
      9,
      10
    ],
    "learning_rates": [
      0.0001,
      0.0001,
      5e-05,
      5e-05,
      2e-05,
      2e-05,
      1e-05,
      1e-05,
      5e-06,
      5e-06
    ]
  },
  "fecha_generacion": "2025-07-19T17:06:30.656787"
}